{
  "model_type": "multihead",
  "overall": {
    "rmse": 0.05476460238176402,
    "mae": 0.02951060974411965,
    "r2": 0.6045624223613848
  },
  "cl": {
    "rmse": 0.07639187658623395,
    "mae": 0.05045585480380077,
    "r2": 0.9642919130800495
  },
  "cd": {
    "rmse": 0.012751648509076511,
    "mae": 0.00856536468443846,
    "r2": 0.24483293164271835
  }
}