{
  "overall": {
    "rmse": 0.05410011626600715,
    "mae": 0.02804884596595484,
    "r2": 0.6058306472789867
  },
  "cl": {
    "rmse": 0.07544134559964721,
    "mae": 0.0474875947423339,
    "r2": 0.9651750037850231
  },
  "cd": {
    "rmse": 0.012737681661337671,
    "mae": 0.008610097189575842,
    "r2": 0.24648629077294903
  }
}