{
  "loss": [
    0.6907796263694763,
    0.547533392906189,
    0.5288829803466797,
    0.5148316025733948,
    0.5103199481964111,
    0.5000821948051453,
    0.49646517634391785,
    0.49058809876441956,
    0.48684802651405334,
    0.4810572564601898,
    0.4769337475299835,
    0.47130653262138367,
    0.4684338867664337,
    0.46375778317451477,
    0.46086055040359497,
    0.458465576171875,
    0.45539456605911255,
    0.4526306688785553,
    0.45271316170692444,
    0.44913339614868164,
    0.4487206041812897,
    0.4476214349269867,
    0.44685766100883484,
    0.4466373920440674,
    0.4461367726325989,
    0.4440980553627014,
    0.44345834851264954,
    0.4452447295188904,
    0.44273486733436584,
    0.44376134872436523,
    0.4417923390865326,
    0.44213321805000305,
    0.4409005343914032,
    0.44096440076828003,
    0.4407956600189209,
    0.4409462511539459,
    0.4377094507217407,
    0.44023245573043823,
    0.4386852979660034,
    0.43730002641677856,
    0.4372178912162781,
    0.4308672547340393,
    0.42749446630477905,
    0.4264312982559204,
    0.4232870936393738,
    0.42453184723854065,
    0.4210430681705475,
    0.4230349361896515,
    0.41939571499824524,
    0.4199231266975403,
    0.4192337095737457,
    0.41778483986854553,
    0.41705721616744995,
    0.41705718636512756,
    0.41876116394996643,
    0.41664302349090576,
    0.4170262813568115,
    0.4165714979171753,
    0.41632983088493347,
    0.4144141674041748,
    0.4160445034503937,
    0.41474565863609314,
    0.415201872587204,
    0.4136413633823395,
    0.41258853673934937,
    0.409297913312912,
    0.40520593523979187,
    0.40541931986808777,
    0.4027077257633209,
    0.4027026891708374,
    0.40032732486724854,
    0.3994089365005493,
    0.40161576867103577,
    0.39483049511909485,
    0.39346668124198914,
    0.3940388560295105,
    0.3925553560256958,
    0.3920742869377136,
    0.3914935290813446,
    0.39077240228652954,
    0.3908105790615082,
    0.3907831311225891,
    0.38910725712776184,
    0.3913724422454834,
    0.3875426650047302,
    0.38676539063453674,
    0.3873216211795807,
    0.3853338658809662,
    0.3868738114833832,
    0.3826518952846527,
    0.38220009207725525,
    0.38408929109573364,
    0.3837534189224243,
    0.3828412592411041
  ],
  "mae": [
    0.5444964170455933,
    0.4538378119468689,
    0.4385479688644409,
    0.42733466625213623,
    0.42515119910240173,
    0.4188680350780487,
    0.41761699318885803,
    0.41591379046440125,
    0.41619864106178284,
    0.41358113288879395,
    0.4118182957172394,
    0.40920960903167725,
    0.40908879041671753,
    0.4066051244735718,
    0.40707194805145264,
    0.4054948091506958,
    0.4053618013858795,
    0.4045739769935608,
    0.40451598167419434,
    0.4019773006439209,
    0.40173038840293884,
    0.40188878774642944,
    0.40014901757240295,
    0.4010961055755615,
    0.39958637952804565,
    0.3989557921886444,
    0.39806053042411804,
    0.39897844195365906,
    0.3977946937084198,
    0.399630069732666,
    0.39702364802360535,
    0.3965877294540405,
    0.3951161801815033,
    0.3958124816417694,
    0.3955005407333374,
    0.3950320780277252,
    0.3925333321094513,
    0.3948458135128021,
    0.3930230140686035,
    0.3916883170604706,
    0.39257535338401794,
    0.38628771901130676,
    0.38578763604164124,
    0.38287442922592163,
    0.3821782171726227,
    0.3825872838497162,
    0.380790650844574,
    0.38196420669555664,
    0.3787044584751129,
    0.38061755895614624,
    0.37918445467948914,
    0.3772576153278351,
    0.377910315990448,
    0.37685105204582214,
    0.3789958655834198,
    0.37768107652664185,
    0.3776164650917053,
    0.37514397501945496,
    0.3773341476917267,
    0.3750118017196655,
    0.37639492750167847,
    0.37448883056640625,
    0.3762178122997284,
    0.3747018873691559,
    0.37276455760002136,
    0.37107759714126587,
    0.36710500717163086,
    0.36693495512008667,
    0.3665119409561157,
    0.36485105752944946,
    0.3650822639465332,
    0.36422351002693176,
    0.3658204674720764,
    0.3611231744289398,
    0.35937029123306274,
    0.3595173954963684,
    0.3587711453437805,
    0.3582644760608673,
    0.3581610321998596,
    0.3587043881416321,
    0.3567782938480377,
    0.35838979482650757,
    0.355637788772583,
    0.35742494463920593,
    0.35583433508872986,
    0.3559260964393616,
    0.3550024628639221,
    0.3546048104763031,
    0.3550761640071869,
    0.3518511950969696,
    0.3528469204902649,
    0.3523140549659729,
    0.3539154827594757,
    0.3527831733226776
  ],
  "mse": [
    0.6273216605186462,
    0.4844607710838318,
    0.4671153724193573,
    0.45490604639053345,
    0.4526577591896057,
    0.4450460374355316,
    0.44433197379112244,
    0.4416460394859314,
    0.44127076864242554,
    0.43879246711730957,
    0.4379649758338928,
    0.43547195196151733,
    0.43552711606025696,
    0.433408260345459,
    0.432954341173172,
    0.43251511454582214,
    0.4311501383781433,
    0.429573118686676,
    0.43063780665397644,
    0.42785879969596863,
    0.4279763102531433,
    0.4273664355278015,
    0.4273250699043274,
    0.4273948669433594,
    0.42713260650634766,
    0.425199031829834,
    0.42451661825180054,
    0.42616790533065796,
    0.4237203001976013,
    0.424691766500473,
    0.42259809374809265,
    0.423177033662796,
    0.4218410551548004,
    0.4220523238182068,
    0.42206132411956787,
    0.42204445600509644,
    0.4187580943107605,
    0.42124658823013306,
    0.4199123680591583,
    0.4183785915374756,
    0.4185103178024292,
    0.41269537806510925,
    0.41028717160224915,
    0.409819632768631,
    0.4070260226726532,
    0.408522367477417,
    0.4051520824432373,
    0.40730687975883484,
    0.40380358695983887,
    0.40444764494895935,
    0.4038071036338806,
    0.4023510217666626,
    0.4015847146511078,
    0.40161171555519104,
    0.4032716453075409,
    0.40121349692344666,
    0.40156227350234985,
    0.4010787606239319,
    0.4008137583732605,
    0.39881736040115356,
    0.40031495690345764,
    0.3990495800971985,
    0.39942342042922974,
    0.3977990746498108,
    0.39670491218566895,
    0.3936021625995636,
    0.3898419439792633,
    0.390328049659729,
    0.38782885670661926,
    0.3879936933517456,
    0.3857456147670746,
    0.3849400281906128,
    0.38722333312034607,
    0.38055992126464844,
    0.3793451189994812,
    0.3800497055053711,
    0.37869107723236084,
    0.37832018733024597,
    0.37784022092819214,
    0.3772111237049103,
    0.3773385286331177,
    0.37739595770835876,
    0.37580204010009766,
    0.3781331777572632,
    0.374369740486145,
    0.37365084886550903,
    0.3742619752883911,
    0.3723253905773163,
    0.3739185333251953,
    0.3697499930858612,
    0.3693472146987915,
    0.37128013372421265,
    0.3709871172904968,
    0.37011104822158813
  ],